{"cameraMode":{"drawMode":0,"name":"Shaded","section":"Shading Mode"},"sceneLighting":true,"audioPlay":false,"sceneViewState":{"m_AlwaysRefresh":true,"showFog":true,"showSkybox":true,"showFlares":true,"showImageEffects":true,"showParticleSystems":true,"showVisualEffectGraphs":true,"m_FxEnabled":true},"in2DMode":false,"pivot":{"x":8.90539264678955,"y":10.629712104797364,"z":-3.4306867122650148},"rotation":{"x":0.23536641895771027,"y":-0.034475699067115787,"z":0.008354377932846547,"w":0.9712597131729126},"size":16.048765182495118,"orthographic":false}